Date et heure;Temps ecoule (s);Energie (eV);Polarisation;Intensite brute;;Energie (eV);Intensite moyenne (+50V);Intensite moyenne (-50V);SEY
2025-06-25 14:19:28;0.42;0.00;+50V;-5.005473E-10;;0.00;-5.6447484000e-10;;
2025-06-25 14:19:28;0.61;0.00;+50V;-4.463963E-10;;1.00;-5.8255428333e-10;;
2025-06-25 14:19:28;0.80;0.00;+50V;-6.394767E-10;;2.00;-6.1187458333e-10;;
2025-06-25 14:19:28;0.99;0.00;+50V;-6.535710E-10;;3.00;-5.5985421667e-10;;
2025-06-25 14:19:28;1.17;0.00;+50V;-5.823829E-10;;4.00;-6.1775851667e-10;;
2025-06-25 14:19:33;0.20;1.00;+50V;-6.033776E-10;;5.00;-6.0961475000e-10;;
2025-06-25 14:19:34;0.39;1.00;+50V;-5.703188E-10;;6.00;-5.4531971667e-10;;
2025-06-25 14:19:34;0.58;1.00;+50V;-5.746750E-10;;7.00;-6.2520931667e-10;;
2025-06-25 14:19:34;0.77;1.00;+50V;-6.008423E-10;;8.00;-6.4494115000e-10;;
2025-06-25 14:19:34;0.98;1.00;+50V;-5.295512E-10;;9.00;-6.1015335000e-10;;
2025-06-25 14:19:34;1.17;1.00;+50V;-6.165608E-10;;10.00;-5.6200075000e-10;;
2025-06-25 14:19:40;0.20;2.00;+50V;-7.164437E-10;;;;;
2025-06-25 14:19:40;0.37;2.00;+50V;-6.959594E-10;;;;;
2025-06-25 14:19:40;0.56;2.00;+50V;-4.616067E-10;;;;;
2025-06-25 14:19:40;0.75;2.00;+50V;-7.031539E-10;;;;;
2025-06-25 14:19:40;0.94;2.00;+50V;-4.483226E-10;;;;;
2025-06-25 14:19:41;1.13;2.00;+50V;-6.457612E-10;;;;;
2025-06-25 14:19:46;0.18;3.00;+50V;-5.305648E-10;;;;;
2025-06-25 14:19:46;0.37;3.00;+50V;-5.022706E-10;;;;;
2025-06-25 14:19:46;0.56;3.00;+50V;-6.448542E-10;;;;;
2025-06-25 14:19:46;0.75;3.00;+50V;-5.105864E-10;;;;;
2025-06-25 14:19:47;0.94;3.00;+50V;-6.480936E-10;;;;;
2025-06-25 14:19:47;1.13;3.00;+50V;-5.227557E-10;;;;;
2025-06-25 14:19:52;0.20;4.00;+50V;-6.985996E-10;;;;;
2025-06-25 14:19:52;0.39;4.00;+50V;-6.908890E-10;;;;;
2025-06-25 14:19:52;0.58;4.00;+50V;-4.534939E-10;;;;;
2025-06-25 14:19:53;0.77;4.00;+50V;-7.042766E-10;;;;;
2025-06-25 14:19:53;0.96;4.00;+50V;-4.506548E-10;;;;;
2025-06-25 14:19:53;1.15;4.00;+50V;-7.086372E-10;;;;;
2025-06-25 14:19:58;0.20;5.00;+50V;-6.655417E-10;;;;;
2025-06-25 14:19:58;0.39;5.00;+50V;-6.883606E-10;;;;;
2025-06-25 14:19:58;0.58;5.00;+50V;-4.879722E-10;;;;;
2025-06-25 14:19:59;0.77;5.00;+50V;-6.733551E-10;;;;;
2025-06-25 14:19:59;0.96;5.00;+50V;-4.972005E-10;;;;;
2025-06-25 14:19:59;1.15;5.00;+50V;-6.452584E-10;;;;;
2025-06-25 14:20:04;0.20;6.00;+50V;-4.864513E-10;;;;;
2025-06-25 14:20:04;0.39;6.00;+50V;-5.270144E-10;;;;;
2025-06-25 14:20:05;0.58;6.00;+50V;-6.429260E-10;;;;;
2025-06-25 14:20:05;0.77;6.00;+50V;-4.980121E-10;;;;;
2025-06-25 14:20:05;0.96;6.00;+50V;-6.788248E-10;;;;;
2025-06-25 14:20:05;1.15;6.00;+50V;-4.386897E-10;;;;;
2025-06-25 14:20:10;0.20;7.00;+50V;-7.164437E-10;;;;;
2025-06-25 14:20:11;0.39;7.00;+50V;-7.107630E-10;;;;;
2025-06-25 14:20:11;0.58;7.00;+50V;-4.496408E-10;;;;;
2025-06-25 14:20:11;0.77;7.00;+50V;-7.129902E-10;;;;;
2025-06-25 14:20:11;0.96;7.00;+50V;-4.655619E-10;;;;;
2025-06-25 14:20:11;1.15;7.00;+50V;-6.958563E-10;;;;;
2025-06-25 14:20:17;0.20;8.00;+50V;-6.780184E-10;;;;;
2025-06-25 14:20:17;0.39;8.00;+50V;-6.866401E-10;;;;;
2025-06-25 14:20:17;0.58;8.00;+50V;-4.990252E-10;;;;;
2025-06-25 14:20:17;0.77;8.00;+50V;-6.772087E-10;;;;;
2025-06-25 14:20:17;0.96;8.00;+50V;-6.526613E-10;;;;;
2025-06-25 14:20:18;1.15;8.00;+50V;-6.760932E-10;;;;;
2025-06-25 14:20:23;0.18;9.00;+50V;-6.820682E-10;;;;;
2025-06-25 14:20:23;0.37;9.00;+50V;-6.671612E-10;;;;;
2025-06-25 14:20:23;0.56;9.00;+50V;-4.821926E-10;;;;;
2025-06-25 14:20:23;0.75;9.00;+50V;-6.633092E-10;;;;;
2025-06-25 14:20:23;0.94;9.00;+50V;-4.785415E-10;;;;;
2025-06-25 14:20:24;1.13;9.00;+50V;-6.876474E-10;;;;;
2025-06-25 14:20:29;0.20;10.00;+50V;-5.256960E-10;;;;;
2025-06-25 14:20:29;0.39;10.00;+50V;-5.088616E-10;;;;;
2025-06-25 14:20:29;0.58;10.00;+50V;-6.366386E-10;;;;;
2025-06-25 14:20:29;0.77;10.00;+50V;-5.244787E-10;;;;;
2025-06-25 14:20:30;0.96;10.00;+50V;-6.396809E-10;;;;;
2025-06-25 14:20:30;1.15;10.00;+50V;-5.366487E-10;;;;;
2025-06-25 14:20:41;0.20;0.00;-50V;-5.495261E-10;;0.00;-5.6447484000e-10;-5.7401773333e-10;-0.016906
2025-06-25 14:20:42;0.39;0.00;-50V;-5.587549E-10;;1.00;-5.8255428333e-10;-5.5128796667e-10;0.053671
2025-06-25 14:20:42;0.58;0.00;-50V;-6.310611E-10;;2.00;-6.1187458333e-10;-5.5976925000e-10;0.085157
2025-06-25 14:20:42;0.77;0.00;-50V;-5.652459E-10;;3.00;-5.5985421667e-10;-5.8240378333e-10;-0.040278
2025-06-25 14:20:42;0.96;0.00;-50V;-5.959746E-10;;4.00;-6.1775851667e-10;-5.8260461667e-10;0.056906
2025-06-25 14:20:42;1.15;0.00;-50V;-5.435438E-10;;5.00;-6.0961475000e-10;-5.4021281667e-10;0.113846
2025-06-25 14:20:48;0.20;1.00;-50V;-4.854366E-10;;6.00;-5.4531971667e-10;-5.4663863333e-10;-0.002419
2025-06-25 14:20:48;0.38;1.00;-50V;-5.281309E-10;;7.00;-6.2520931667e-10;-5.6352211667e-10;0.098666
2025-06-25 14:20:48;0.57;1.00;-50V;-4.494380E-10;;8.00;-6.4494115000e-10;-5.9877828333e-10;0.071577
2025-06-25 14:20:48;0.76;1.00;-50V;-6.867432E-10;;9.00;-6.1015335000e-10;-6.2000368333e-10;-0.016144
2025-06-25 14:20:48;0.95;1.00;-50V;-4.836115E-10;;10.00;-5.6200075000e-10;-5.7959788333e-10;-0.031312
2025-06-25 14:20:49;1.14;1.00;-50V;-6.743676E-10;;;;;
2025-06-25 14:20:54;0.18;2.00;-50V;-5.024737E-10;;;;;
2025-06-25 14:20:54;0.37;2.00;-50V;-5.410086E-10;;;;;
2025-06-25 14:20:54;0.56;2.00;-50V;-6.375486E-10;;;;;
2025-06-25 14:20:54;0.75;2.00;-50V;-5.130201E-10;;;;;
2025-06-25 14:20:54;0.94;2.00;-50V;-6.660457E-10;;;;;
2025-06-25 14:20:55;1.13;2.00;-50V;-4.985188E-10;;;;;
2025-06-25 14:21:00;0.20;3.00;-50V;-4.737750E-10;;;;;
2025-06-25 14:21:00;0.41;3.00;-50V;-4.550150E-10;;;;;
2025-06-25 14:21:00;0.61;3.00;-50V;-7.041771E-10;;;;;
2025-06-25 14:21:00;0.80;3.00;-50V;-7.020529E-10;;;;;
2025-06-25 14:21:01;0.99;3.00;-50V;-4.698200E-10;;;;;
2025-06-25 14:21:01;1.20;3.00;-50V;-6.895827E-10;;;;;
2025-06-25 14:21:06;0.20;4.00;-50V;-5.528733E-10;;;;;
2025-06-25 14:21:06;0.38;4.00;-50V;-5.750798E-10;;;;;
2025-06-25 14:21:06;0.58;4.00;-50V;-6.828878E-10;;;;;
2025-06-25 14:21:07;0.77;4.00;-50V;-5.542930E-10;;;;;
2025-06-25 14:21:07;0.96;4.00;-50V;-6.021606E-10;;;;;
2025-06-25 14:21:07;1.15;4.00;-50V;-5.283332E-10;;;;;
2025-06-25 14:21:12;0.20;5.00;-50V;-4.583615E-10;;;;;
2025-06-25 14:21:12;0.39;5.00;-50V;-4.521757E-10;;;;;
2025-06-25 14:21:13;0.58;5.00;-50V;-7.033531E-10;;;;;
2025-06-25 14:21:13;0.79;5.00;-50V;-4.634319E-10;;;;;
2025-06-25 14:21:13;0.98;5.00;-50V;-7.012326E-10;;;;;
2025-06-25 14:21:13;1.17;5.00;-50V;-4.627221E-10;;;;;
2025-06-25 14:21:18;0.18;6.00;-50V;-4.868562E-10;;;;;
2025-06-25 14:21:19;0.35;6.00;-50V;-4.748904E-10;;;;;
2025-06-25 14:21:19;0.54;6.00;-50V;-6.854198E-10;;;;;
2025-06-25 14:21:19;0.73;6.00;-50V;-4.761071E-10;;;;;
2025-06-25 14:21:19;0.92;6.00;-50V;-6.865353E-10;;;;;
2025-06-25 14:21:19;1.11;6.00;-50V;-4.700230E-10;;;;;
2025-06-25 14:21:25;0.18;7.00;-50V;-5.290436E-10;;;;;
2025-06-25 14:21:25;0.37;7.00;-50V;-5.225529E-10;;;;;
2025-06-25 14:21:25;0.56;7.00;-50V;-6.378529E-10;;;;;
2025-06-25 14:21:25;0.75;7.00;-50V;-5.214379E-10;;;;;
2025-06-25 14:21:25;0.94;7.00;-50V;-6.405922E-10;;;;;
2025-06-25 14:21:25;1.13;7.00;-50V;-5.296532E-10;;;;;
2025-06-25 14:21:31;0.20;8.00;-50V;-6.497176E-10;;;;;
2025-06-25 14:21:31;0.39;8.00;-50V;-5.955669E-10;;;;;
2025-06-25 14:21:31;0.58;8.00;-50V;-5.141360E-10;;;;;
2025-06-25 14:21:31;0.77;8.00;-50V;-6.309597E-10;;;;;
2025-06-25 14:21:31;0.96;8.00;-50V;-5.478029E-10;;;;;
2025-06-25 14:21:32;1.15;8.00;-50V;-6.544866E-10;;;;;
2025-06-25 14:21:37;0.20;9.00;-50V;-7.061002E-10;;;;;
2025-06-25 14:21:37;0.39;9.00;-50V;-6.953492E-10;;;;;
2025-06-25 14:21:37;0.58;9.00;-50V;-4.544065E-10;;;;;
2025-06-25 14:21:37;0.77;9.00;-50V;-6.938281E-10;;;;;
2025-06-25 14:21:38;0.96;9.00;-50V;-4.658660E-10;;;;;
2025-06-25 14:21:38;1.15;9.00;-50V;-7.044721E-10;;;;;
2025-06-25 14:21:43;0.19;10.00;-50V;-7.166446E-10;;;;;
2025-06-25 14:21:43;0.38;10.00;-50V;-4.521758E-10;;;;;
2025-06-25 14:21:43;0.57;10.00;-50V;-6.925237E-10;;;;;
2025-06-25 14:21:44;0.78;10.00;-50V;-4.609978E-10;;;;;
2025-06-25 14:21:44;0.97;10.00;-50V;-6.905969E-10;;;;;
2025-06-25 14:21:44;1.16;10.00;-50V;-4.646485E-10;;;;;



2025-06-25 14:23:39;0.20;0.00;+50V;-4.469030E-10;;0.00;-5.3700238333e-10;;
2025-06-25 14:23:39;0.41;0.00;+50V;-4.531897E-10;;1.00;-5.9237078333e-10;;
2025-06-25 14:23:40;0.60;0.00;+50V;-7.038674E-10;;2.00;-5.3811628333e-10;;
2025-06-25 14:23:40;0.79;0.00;+50V;-4.500464E-10;;3.00;-6.0724806667e-10;;
2025-06-25 14:23:40;0.98;0.00;+50V;-7.230313E-10;;4.00;-5.5361718333e-10;;
2025-06-25 14:23:40;1.17;0.00;+50V;-4.449765E-10;;5.00;-6.1933605000e-10;;
2025-06-25 14:23:45;0.20;1.00;+50V;-6.168615E-10;;6.00;-5.8224250000e-10;;
2025-06-25 14:23:46;0.39;1.00;+50V;-6.340982E-10;;7.00;-6.2708805000e-10;;
2025-06-25 14:23:46;0.58;1.00;+50V;-5.386781E-10;;8.00;-5.7550405000e-10;;
2025-06-25 14:23:46;0.77;1.00;+50V;-6.295361E-10;;9.00;-5.4308765000e-10;;
2025-06-25 14:23:46;0.96;1.00;+50V;-5.373585E-10;;10.00;-5.3960525000e-10;;
2025-06-25 14:23:46;1.15;1.00;+50V;-5.976923E-10;;;;;
2025-06-25 14:23:52;0.20;2.00;+50V;-4.577531E-10;;;;;
2025-06-25 14:23:52;0.39;2.00;+50V;-4.537981E-10;;;;;
2025-06-25 14:23:52;0.60;2.00;+50V;-7.024441E-10;;;;;
2025-06-25 14:23:52;0.79;2.00;+50V;-4.572461E-10;;;;;
2025-06-25 14:23:52;0.98;2.00;+50V;-7.173468E-10;;;;;
2025-06-25 14:23:53;1.17;2.00;+50V;-4.401095E-10;;;;;
2025-06-25 14:23:58;0.20;3.00;+50V;-6.543852E-10;;;;;
2025-06-25 14:23:58;0.39;3.00;+50V;-6.670645E-10;;;;;
2025-06-25 14:23:58;0.58;3.00;+50V;-4.949683E-10;;;;;
2025-06-25 14:23:58;0.77;3.00;+50V;-6.594602E-10;;;;;
2025-06-25 14:23:59;0.96;3.00;+50V;-5.010544E-10;;;;;
2025-06-25 14:23:59;1.15;3.00;+50V;-6.665558E-10;;;;;
2025-06-25 14:24:04;0.20;4.00;+50V;-4.873645E-10;;;;;
2025-06-25 14:24:04;0.39;4.00;+50V;-5.041977E-10;;;;;
2025-06-25 14:24:04;0.58;4.00;+50V;-6.628006E-10;;;;;
2025-06-25 14:24:04;0.77;4.00;+50V;-4.975057E-10;;;;;
2025-06-25 14:24:05;0.96;4.00;+50V;-6.837889E-10;;;;;
2025-06-25 14:24:05;1.15;4.00;+50V;-4.860457E-10;;;;;
2025-06-25 14:24:10;0.20;5.00;+50V;-6.936393E-10;;;;;
2025-06-25 14:24:10;0.39;5.00;+50V;-6.948544E-10;;;;;
2025-06-25 14:24:10;0.60;5.00;+50V;-4.799608E-10;;;;;
2025-06-25 14:24:11;0.79;5.00;+50V;-6.859302E-10;;;;;
2025-06-25 14:24:11;0.98;5.00;+50V;-4.819890E-10;;;;;
2025-06-25 14:24:11;1.19;5.00;+50V;-6.796426E-10;;;;;
2025-06-25 14:24:16;0.20;6.00;+50V;-4.974033E-10;;;;;
2025-06-25 14:24:16;0.41;6.00;+50V;-5.354306E-10;;;;;
2025-06-25 14:24:17;0.60;6.00;+50V;-6.304540E-10;;;;;
2025-06-25 14:24:17;0.81;6.00;+50V;-5.502360E-10;;;;;
2025-06-25 14:24:17;1.00;6.00;+50V;-6.976886E-10;;;;;
2025-06-25 14:24:22;0.20;7.00;+50V;-7.166485E-10;;;;;
2025-06-25 14:24:22;0.39;7.00;+50V;-7.237431E-10;;;;;
2025-06-25 14:24:23;0.60;7.00;+50V;-4.455851E-10;;;;;
2025-06-25 14:24:23;0.79;7.00;+50V;-7.221226E-10;;;;;
2025-06-25 14:24:23;0.98;7.00;+50V;-4.452810E-10;;;;;
2025-06-25 14:24:23;1.17;7.00;+50V;-7.091480E-10;;;;;
2025-06-25 14:24:28;0.20;8.00;+50V;-6.020560E-10;;;;;
2025-06-25 14:24:29;0.39;8.00;+50V;-6.243644E-10;;;;;
2025-06-25 14:24:29;0.58;8.00;+50V;-5.287388E-10;;;;;
2025-06-25 14:24:29;0.77;8.00;+50V;-6.236534E-10;;;;;
2025-06-25 14:24:29;0.96;8.00;+50V;-5.501381E-10;;;;;
2025-06-25 14:24:29;1.15;8.00;+50V;-5.240736E-10;;;;;
2025-06-25 14:24:35;0.20;9.00;+50V;-4.703277E-10;;;;;
2025-06-25 14:24:35;0.39;9.00;+50V;-4.954772E-10;;;;;
2025-06-25 14:24:35;0.58;9.00;+50V;-6.730428E-10;;;;;
2025-06-25 14:24:35;0.77;9.00;+50V;-4.788461E-10;;;;;
2025-06-25 14:24:35;0.96;9.00;+50V;-6.706059E-10;;;;;
2025-06-25 14:24:36;1.15;9.00;+50V;-4.702262E-10;;;;;
2025-06-25 14:24:41;0.20;10.00;+50V;-4.398054E-10;;;;;
2025-06-25 14:24:41;0.39;10.00;+50V;-4.475115E-10;;;;;
2025-06-25 14:24:41;0.58;10.00;+50V;-7.164419E-10;;;;;
2025-06-25 14:24:41;0.77;10.00;+50V;-4.564348E-10;;;;;
2025-06-25 14:24:42;0.96;10.00;+50V;-7.245524E-10;;;;;
2025-06-25 14:24:42;1.15;10.00;+50V;-4.528855E-10;;;;;
2025-06-25 14:24:50;0.20;0.00;-50V;-5.287394E-10;;0.00;-5.3700238333e-10;-5.5420805000e-10;-0.032040
2025-06-25 14:24:50;0.39;0.00;-50V;-5.063272E-10;;1.00;-5.9237078333e-10;-5.7121210000e-10;0.035719
2025-06-25 14:24:50;0.58;0.00;-50V;-6.210156E-10;;2.00;-5.3811628333e-10;-5.4836071667e-10;-0.019038
2025-06-25 14:24:50;0.77;0.00;-50V;-5.137304E-10;;3.00;-6.0724806667e-10;-5.4009635000e-10;0.110584
2025-06-25 14:24:51;0.96;0.00;-50V;-6.331855E-10;;4.00;-5.5361718333e-10;-5.3757663333e-10;0.028974
2025-06-25 14:24:51;1.15;0.00;-50V;-5.222502E-10;;5.00;-6.1933605000e-10;-5.4087461667e-10;0.126686
2025-06-25 14:24:56;0.18;1.00;-50V;-5.525698E-10;;6.00;-5.8224250000e-10;-5.5478410000e-10;0.047160
2025-06-25 14:24:56;0.35;1.00;-50V;-5.531789E-10;;7.00;-6.2708805000e-10;-5.4450725000e-10;0.131689
2025-06-25 14:24:56;0.54;1.00;-50V;-5.809669E-10;;8.00;-5.7550405000e-10;-5.3467243333e-10;0.070949
2025-06-25 14:24:56;0.73;1.00;-50V;-5.738630E-10;;9.00;-5.4308765000e-10;-5.6695291667e-10;-0.043944
2025-06-25 14:24:57;0.92;1.00;-50V;-6.069258E-10;;10.00;-5.3960525000e-10;-6.1583198333e-10;-0.141264
2025-06-25 14:24:57;1.11;1.00;-50V;-5.597682E-10;;;;;
2025-06-25 14:25:02;0.20;2.00;-50V;-4.769192E-10;;;;;
2025-06-25 14:25:02;0.39;2.00;-50V;-4.904065E-10;;;;;
2025-06-25 14:25:02;0.58;2.00;-50V;-6.726357E-10;;;;;
2025-06-25 14:25:03;0.77;2.00;-50V;-5.075445E-10;;;;;
2025-06-25 14:25:03;0.96;2.00;-50V;-7.009266E-10;;;;;
2025-06-25 14:25:03;1.15;2.00;-50V;-4.417318E-10;;;;;
2025-06-25 14:25:08;0.18;3.00;-50V;-4.501478E-10;;;;;
2025-06-25 14:25:08;0.37;3.00;-50V;-4.590714E-10;;;;;
2025-06-25 14:25:09;0.56;3.00;-50V;-7.046823E-10;;;;;
2025-06-25 14:25:09;0.77;3.00;-50V;-4.635333E-10;;;;;
2025-06-25 14:25:09;0.96;3.00;-50V;-7.054917E-10;;;;;
2025-06-25 14:25:09;1.17;3.00;-50V;-4.576516E-10;;;;;
2025-06-25 14:25:14;0.20;4.00;-50V;-4.508575E-10;;;;;
2025-06-25 14:25:15;0.39;4.00;-50V;-4.515674E-10;;;;;
2025-06-25 14:25:15;0.60;4.00;-50V;-7.067049E-10;;;;;
2025-06-25 14:25:15;0.79;4.00;-50V;-4.567390E-10;;;;;
2025-06-25 14:25:15;0.98;4.00;-50V;-7.127893E-10;;;;;
2025-06-25 14:25:15;1.17;4.00;-50V;-4.468017E-10;;;;;
2025-06-25 14:25:21;0.20;5.00;-50V;-4.628232E-10;;;;;
2025-06-25 14:25:21;0.39;5.00;-50V;-4.518716E-10;;;;;
2025-06-25 14:25:21;0.58;5.00;-50V;-7.092457E-10;;;;;
2025-06-25 14:25:21;0.77;5.00;-50V;-4.525814E-10;;;;;
2025-06-25 14:25:21;0.96;5.00;-50V;-6.960661E-10;;;;;
2025-06-25 14:25:22;1.15;5.00;-50V;-4.726597E-10;;;;;
2025-06-25 14:25:27;0.18;6.00;-50V;-5.377654E-10;;;;;
2025-06-25 14:25:27;0.37;6.00;-50V;-5.167736E-10;;;;;
2025-06-25 14:25:27;0.56;6.00;-50V;-6.430246E-10;;;;;
2025-06-25 14:25:27;0.75;6.00;-50V;-5.147449E-10;;;;;
2025-06-25 14:25:27;0.94;6.00;-50V;-5.857294E-10;;;;;
2025-06-25 14:25:28;1.13;6.00;-50V;-5.306667E-10;;;;;
2025-06-25 14:25:33;0.20;7.00;-50V;-4.534939E-10;;;;;
2025-06-25 14:25:33;0.39;7.00;-50V;-5.040966E-10;;;;;
2025-06-25 14:25:33;0.58;7.00;-50V;-6.867330E-10;;;;;
2025-06-25 14:25:33;0.77;7.00;-50V;-4.675897E-10;;;;;
2025-06-25 14:25:34;0.96;7.00;-50V;-6.998111E-10;;;;;
2025-06-25 14:25:34;1.15;7.00;-50V;-4.553192E-10;;;;;
2025-06-25 14:25:39;0.20;8.00;-50V;-4.497423E-10;;;;;
2025-06-25 14:25:39;0.39;8.00;-50V;-4.437598E-10;;;;;
2025-06-25 14:25:39;0.58;8.00;-50V;-7.088438E-10;;;;;
2025-06-25 14:25:40;0.79;8.00;-50V;-4.410221E-10;;;;;
2025-06-25 14:25:40;0.98;8.00;-50V;-7.135048E-10;;;;;
2025-06-25 14:25:40;1.17;8.00;-50V;-4.511618E-10;;;;;
2025-06-25 14:25:45;0.20;9.00;-50V;-5.359412E-10;;;;;
2025-06-25 14:25:45;0.41;9.00;-50V;-5.287394E-10;;;;;
2025-06-25 14:25:46;0.60;9.00;-50V;-6.209165E-10;;;;;
2025-06-25 14:25:46;0.79;9.00;-50V;-5.456747E-10;;;;;
2025-06-25 14:25:46;0.98;9.00;-50V;-6.335924E-10;;;;;
2025-06-25 14:25:46;1.17;9.00;-50V;-5.368533E-10;;;;;
2025-06-25 14:25:51;0.20;10.00;-50V;-7.055931E-10;;;;;
2025-06-25 14:25:52;0.39;10.00;-50V;-6.779105E-10;;;;;
2025-06-25 14:25:52;0.58;10.00;-50V;-4.800628E-10;;;;;
2025-06-25 14:25:52;0.77;10.00;-50V;-6.704063E-10;;;;;
2025-06-25 14:25:52;0.96;10.00;-50V;-4.668799E-10;;;;;
2025-06-25 14:25:52;1.15;10.00;-50V;-6.941393E-10;;;;;



2025-06-25 14:30:33;0.18;0.00;+50V;-5.773134E-10;;0.00;-6.0002823333e-10;;
2025-06-25 14:30:34;0.37;0.00;+50V;-6.274066E-10;;100.00;-2.4542580000e-07;;
2025-06-25 14:30:34;0.56;0.00;+50V;-5.367507E-10;;200.00;-8.3898831667e-07;;
2025-06-25 14:30:34;0.75;0.00;+50V;-6.153404E-10;;300.00;-2.9885178333e-07;;
2025-06-25 14:30:34;0.94;0.00;+50V;-6.885583E-10;;400.00;-2.9786718333e-07;;
2025-06-25 14:30:34;1.13;0.00;+50V;-5.548000E-10;;500.00;-2.8222020000e-07;;
2025-06-25 14:30:40;0.32;100.00;+50V;-2.497090E-07;;600.00;-2.5831885000e-07;;
2025-06-25 14:30:40;0.49;100.00;+50V;-2.480180E-07;;700.00;-2.5137721667e-07;;
2025-06-25 14:30:40;0.68;100.00;+50V;-2.452874E-07;;800.00;-1.9279684000e-07;;
2025-06-25 14:30:40;0.87;100.00;+50V;-2.427649E-07;;900.00;-1.7461296667e-07;;
2025-06-25 14:30:40;1.06;100.00;+50V;-2.413497E-07;;1000.00;-1.4649278333e-07;;
2025-06-25 14:30:46;0.18;200.00;+50V;-1.028207E-06;;1100.00;-1.3335690000e-07;;
2025-06-25 14:30:46;0.37;200.00;+50V;-9.527642E-07;;1200.00;-1.1843485000e-07;;
2025-06-25 14:30:46;0.56;200.00;+50V;-8.769648E-07;;1300.00;-1.1096326667e-07;;
2025-06-25 14:30:46;0.75;200.00;+50V;-7.981786E-07;;1400.00;-1.0090275000e-07;;
2025-06-25 14:30:46;0.94;200.00;+50V;-7.247937E-07;;1500.00;-9.5818746667e-08;;
2025-06-25 14:30:47;1.13;200.00;+50V;-6.530216E-07;;1600.00;-9.0856131667e-08;;
2025-06-25 14:30:52;0.20;300.00;+50V;-2.650566E-07;;1700.00;-8.6784291667e-08;;
2025-06-25 14:30:52;0.39;300.00;+50V;-2.823444E-07;;1800.00;-8.2897203333e-08;;
2025-06-25 14:30:52;0.57;300.00;+50V;-2.967038E-07;;1900.00;-7.9619010000e-08;;
2025-06-25 14:30:52;0.76;300.00;+50V;-3.081157E-07;;2000.00;-7.6605830000e-08;;
2025-06-25 14:30:53;0.95;300.00;+50V;-3.174933E-07;;;;;
2025-06-25 14:30:53;1.15;300.00;+50V;-3.233969E-07;;;;;
2025-06-25 14:30:58;0.19;400.00;+50V;-2.867758E-07;;;;;
2025-06-25 14:30:58;0.37;400.00;+50V;-2.914761E-07;;;;;
2025-06-25 14:30:58;0.57;400.00;+50V;-2.962752E-07;;;;;
2025-06-25 14:30:59;0.76;400.00;+50V;-3.000514E-07;;;;;
2025-06-25 14:30:59;0.95;400.00;+50V;-3.043116E-07;;;;;
2025-06-25 14:30:59;1.15;400.00;+50V;-3.083130E-07;;;;;
2025-06-25 14:31:04;0.20;500.00;+50V;-2.757139E-07;;;;;
2025-06-25 14:31:04;0.39;500.00;+50V;-2.788001E-07;;;;;
2025-06-25 14:31:05;0.57;500.00;+50V;-2.814368E-07;;;;;
2025-06-25 14:31:05;0.77;500.00;+50V;-2.837695E-07;;;;;
2025-06-25 14:31:05;0.95;500.00;+50V;-2.855930E-07;;;;;
2025-06-25 14:31:05;1.15;500.00;+50V;-2.880079E-07;;;;;
2025-06-25 14:31:10;0.20;600.00;+50V;-2.547773E-07;;;;;
2025-06-25 14:31:11;0.38;600.00;+50V;-2.567458E-07;;;;;
2025-06-25 14:31:11;0.56;600.00;+50V;-2.584137E-07;;;;;
2025-06-25 14:31:11;0.76;600.00;+50V;-2.599473E-07;;;;;
2025-06-25 14:31:11;0.95;600.00;+50V;-2.605512E-07;;;;;
2025-06-25 14:31:11;1.14;600.00;+50V;-2.594778E-07;;;;;
2025-06-25 14:31:16;0.19;700.00;+50V;-2.530198E-07;;;;;
2025-06-25 14:31:17;0.39;700.00;+50V;-2.523096E-07;;;;;
2025-06-25 14:31:17;0.57;700.00;+50V;-2.523748E-07;;;;;
2025-06-25 14:31:17;0.77;700.00;+50V;-2.500406E-07;;;;;
2025-06-25 14:31:17;0.96;700.00;+50V;-2.488345E-07;;;;;
2025-06-25 14:31:17;1.16;700.00;+50V;-2.516840E-07;;;;;
2025-06-25 14:31:23;0.30;800.00;+50V;-1.917134E-07;;;;;
2025-06-25 14:31:23;0.49;800.00;+50V;-1.937990E-07;;;;;
2025-06-25 14:31:23;0.68;800.00;+50V;-1.934247E-07;;;;;
2025-06-25 14:31:23;0.89;800.00;+50V;-1.933575E-07;;;;;
2025-06-25 14:31:24;1.08;800.00;+50V;-1.916896E-07;;;;;
2025-06-25 14:31:29;0.20;900.00;+50V;-1.750966E-07;;;;;
2025-06-25 14:31:29;0.39;900.00;+50V;-1.749015E-07;;;;;
2025-06-25 14:31:29;0.58;900.00;+50V;-1.746256E-07;;;;;
2025-06-25 14:31:29;0.77;900.00;+50V;-1.746038E-07;;;;;
2025-06-25 14:31:29;0.96;900.00;+50V;-1.742547E-07;;;;;
2025-06-25 14:31:30;1.15;900.00;+50V;-1.741956E-07;;;;;
2025-06-25 14:31:35;0.20;1000.00;+50V;-1.480612E-07;;;;;
2025-06-25 14:31:35;0.39;1000.00;+50V;-1.475549E-07;;;;;
2025-06-25 14:31:35;0.58;1000.00;+50V;-1.461261E-07;;;;;
2025-06-25 14:31:35;0.77;1000.00;+50V;-1.462521E-07;;;;;
2025-06-25 14:31:36;0.96;1000.00;+50V;-1.453252E-07;;;;;
2025-06-25 14:31:36;1.15;1000.00;+50V;-1.456372E-07;;;;;
2025-06-25 14:31:41;0.20;1100.00;+50V;-1.337662E-07;;;;;
2025-06-25 14:31:41;0.38;1100.00;+50V;-1.336635E-07;;;;;
2025-06-25 14:31:41;0.59;1100.00;+50V;-1.334254E-07;;;;;
2025-06-25 14:31:42;0.78;1100.00;+50V;-1.332226E-07;;;;;
2025-06-25 14:31:42;0.97;1100.00;+50V;-1.331071E-07;;;;;
2025-06-25 14:31:42;1.16;1100.00;+50V;-1.329566E-07;;;;;
2025-06-25 14:31:47;0.20;1200.00;+50V;-1.192445E-07;;;;;
2025-06-25 14:31:47;0.39;1200.00;+50V;-1.186713E-07;;;;;
2025-06-25 14:31:48;0.58;1200.00;+50V;-1.182058E-07;;;;;
2025-06-25 14:31:48;0.77;1200.00;+50V;-1.183000E-07;;;;;
2025-06-25 14:31:48;0.96;1200.00;+50V;-1.181956E-07;;;;;
2025-06-25 14:31:48;1.15;1200.00;+50V;-1.179919E-07;;;;;
2025-06-25 14:31:53;0.20;1300.00;+50V;-1.114099E-07;;;;;
2025-06-25 14:31:54;0.39;1300.00;+50V;-1.111540E-07;;;;;
2025-06-25 14:31:54;0.58;1300.00;+50V;-1.110000E-07;;;;;
2025-06-25 14:31:54;0.77;1300.00;+50V;-1.110000E-07;;;;;
2025-06-25 14:31:54;0.95;1300.00;+50V;-1.107599E-07;;;;;
2025-06-25 14:31:54;1.14;1300.00;+50V;-1.104558E-07;;;;;
2025-06-25 14:32:00;0.18;1400.00;+50V;-1.007307E-07;;;;;
2025-06-25 14:32:00;0.37;1400.00;+50V;-1.007915E-07;;;;;
2025-06-25 14:32:00;0.58;1400.00;+50V;-1.010423E-07;;;;;
2025-06-25 14:32:00;0.77;1400.00;+50V;-1.010776E-07;;;;;
2025-06-25 14:32:00;0.96;1400.00;+50V;-1.009301E-07;;;;;
2025-06-25 14:32:00;1.15;1400.00;+50V;-1.008443E-07;;;;;
2025-06-25 14:32:06;0.20;1500.00;+50V;-9.608932E-08;;;;;
2025-06-25 14:32:06;0.39;1500.00;+50V;-9.595585E-08;;;;;
2025-06-25 14:32:06;0.58;1500.00;+50V;-9.584777E-08;;;;;
2025-06-25 14:32:06;0.77;1500.00;+50V;-9.577035E-08;;;;;
2025-06-25 14:32:06;0.96;1500.00;+50V;-9.562326E-08;;;;;
2025-06-25 14:32:07;1.15;1500.00;+50V;-9.562593E-08;;;;;
2025-06-25 14:32:12;0.20;1600.00;+50V;-9.096747E-08;;;;;
2025-06-25 14:32:12;0.39;1600.00;+50V;-9.103736E-08;;;;;
2025-06-25 14:32:12;0.58;1600.00;+50V;-9.085650E-08;;;;;
2025-06-25 14:32:12;0.77;1600.00;+50V;-9.091614E-08;;;;;
2025-06-25 14:32:13;0.96;1600.00;+50V;-9.066972E-08;;;;;
2025-06-25 14:32:13;1.15;1600.00;+50V;-9.068960E-08;;;;;
2025-06-25 14:32:18;0.20;1700.00;+50V;-8.693316E-08;;;;;
2025-06-25 14:32:18;0.39;1700.00;+50V;-8.684013E-08;;;;;
2025-06-25 14:32:18;0.58;1700.00;+50V;-8.694344E-08;;;;;
2025-06-25 14:32:19;0.77;1700.00;+50V;-8.671756E-08;;;;;
2025-06-25 14:32:19;0.96;1700.00;+50V;-8.681960E-08;;;;;
2025-06-25 14:32:19;1.15;1700.00;+50V;-8.645186E-08;;;;;
2025-06-25 14:32:24;0.19;1800.00;+50V;-8.308181E-08;;;;;
2025-06-25 14:32:24;0.38;1800.00;+50V;-8.312168E-08;;;;;
2025-06-25 14:32:25;0.57;1800.00;+50V;-8.280520E-08;;;;;
2025-06-25 14:32:25;0.76;1800.00;+50V;-8.303048E-08;;;;;
2025-06-25 14:32:25;0.94;1800.00;+50V;-8.276413E-08;;;;;
2025-06-25 14:32:25;1.14;1800.00;+50V;-8.257992E-08;;;;;
2025-06-25 14:32:30;0.20;1900.00;+50V;-7.976559E-08;;;;;
2025-06-25 14:32:31;0.39;1900.00;+50V;-7.973710E-08;;;;;
2025-06-25 14:32:31;0.58;1900.00;+50V;-7.975532E-08;;;;;
2025-06-25 14:32:31;0.77;1900.00;+50V;-7.948724E-08;;;;;
2025-06-25 14:32:31;0.96;1900.00;+50V;-7.958194E-08;;;;;
2025-06-25 14:32:31;1.15;1900.00;+50V;-7.938687E-08;;;;;
2025-06-25 14:32:37;0.20;2000.00;+50V;-7.668441E-08;;;;;
2025-06-25 14:32:37;0.39;2000.00;+50V;-7.680816E-08;;;;;
2025-06-25 14:32:37;0.58;2000.00;+50V;-7.684340E-08;;;;;
2025-06-25 14:32:37;0.77;2000.00;+50V;-7.617052E-08;;;;;
2025-06-25 14:32:37;0.96;2000.00;+50V;-7.670992E-08;;;;;
2025-06-25 14:32:37;1.15;2000.00;+50V;-7.641857E-08;;;;;
2025-06-25 14:34:39;0.30;0.00;-50V;-4.342285E-10;;0.00;-6.0002823333e-10;-3.4260778000e-10;0.429014
2025-06-25 14:34:39;0.49;0.00;-50V;-2.923752E-10;;100.00;-2.4542580000e-07;-9.2095186000e-08;0.624753
2025-06-25 14:34:39;0.68;0.00;-50V;-3.458142E-10;;200.00;-8.3898831667e-07;-2.5378490000e-07;0.697511
2025-06-25 14:34:39;0.87;0.00;-50V;-3.047434E-10;;300.00;-2.9885178333e-07;-1.2539548000e-07;0.580409
2025-06-25 14:34:40;1.06;0.00;-50V;-3.358776E-10;;400.00;-2.9786718333e-07;-1.3698418333e-07;0.540117
2025-06-25 14:34:45;0.42;100.00;-50V;-8.941844E-08;;500.00;-2.8222020000e-07;-1.3396200000e-07;0.525328
2025-06-25 14:34:45;0.61;100.00;-50V;-9.080254E-08;;600.00;-2.5831885000e-07;-1.2985700000e-07;0.497300
2025-06-25 14:34:45;0.80;100.00;-50V;-9.217965E-08;;700.00;-2.5137721667e-07;-1.3492068333e-07;0.463274
2025-06-25 14:34:46;0.99;100.00;-50V;-9.340075E-08;;800.00;-1.9279684000e-07;-1.0375198333e-07;0.461858
2025-06-25 14:34:46;1.18;100.00;-50V;-9.467455E-08;;900.00;-1.7461296667e-07;-9.5413773333e-08;0.453570
2025-06-25 14:34:51;0.35;200.00;-50V;-3.061194E-07;;1000.00;-1.4649278333e-07;-7.8711513333e-08;0.462694
2025-06-25 14:34:51;0.54;200.00;-50V;-2.790201E-07;;1100.00;-1.3335690000e-07;-7.1430823333e-08;0.464363
2025-06-25 14:34:52;0.73;200.00;-50V;-2.512612E-07;;1200.00;-1.1843485000e-07;-6.3283391667e-08;0.465669
2025-06-25 14:34:52;0.92;200.00;-50V;-2.278073E-07;;1300.00;-1.1096326667e-07;-5.9384878333e-08;0.464824
2025-06-25 14:34:52;1.11;200.00;-50V;-2.047165E-07;;1400.00;-1.0090275000e-07;-5.3267158333e-08;0.472094
2025-06-25 14:34:57;0.30;300.00;-50V;-1.201797E-07;;1500.00;-9.5818746667e-08;-5.0347875000e-08;0.474551
2025-06-25 14:34:57;0.49;300.00;-50V;-1.229407E-07;;1600.00;-9.0856131667e-08;-4.8348348333e-08;0.467858
2025-06-25 14:34:58;0.68;300.00;-50V;-1.256597E-07;;1700.00;-8.6784291667e-08;-4.6710561667e-08;0.461762
2025-06-25 14:34:58;0.87;300.00;-50V;-1.280024E-07;;1800.00;-8.2897203333e-08;-4.4649963333e-08;0.461382
2025-06-25 14:34:58;1.06;300.00;-50V;-1.301949E-07;;1900.00;-7.9619010000e-08;-4.4613940000e-08;0.439657
2025-06-25 14:35:03;0.20;400.00;-50V;-1.330920E-07;;2000.00;-7.6605830000e-08;-4.2109010000e-08;0.450316
2025-06-25 14:35:03;0.39;400.00;-50V;-1.346824E-07;;;;;
2025-06-25 14:35:04;0.58;400.00;-50V;-1.360005E-07;;;;;
2025-06-25 14:35:04;0.77;400.00;-50V;-1.381629E-07;;;;;
2025-06-25 14:35:04;0.96;400.00;-50V;-1.389277E-07;;;;;
2025-06-25 14:35:04;1.15;400.00;-50V;-1.410396E-07;;;;;
2025-06-25 14:35:09;0.18;500.00;-50V;-1.307568E-07;;;;;
2025-06-25 14:35:10;0.37;500.00;-50V;-1.319123E-07;;;;;
2025-06-25 14:35:10;0.56;500.00;-50V;-1.344829E-07;;;;;
2025-06-25 14:35:10;0.75;500.00;-50V;-1.341916E-07;;;;;
2025-06-25 14:35:10;0.94;500.00;-50V;-1.366239E-07;;;;;
2025-06-25 14:35:10;1.13;500.00;-50V;-1.358045E-07;;;;;
2025-06-25 14:35:16;0.20;600.00;-50V;-1.290497E-07;;;;;
2025-06-25 14:35:16;0.38;600.00;-50V;-1.279109E-07;;;;;
2025-06-25 14:35:16;0.57;600.00;-50V;-1.315716E-07;;;;;
2025-06-25 14:35:16;0.76;600.00;-50V;-1.290207E-07;;;;;
2025-06-25 14:35:16;0.95;600.00;-50V;-1.324657E-07;;;;;
2025-06-25 14:35:16;1.14;600.00;-50V;-1.291234E-07;;;;;
2025-06-25 14:35:22;0.18;700.00;-50V;-1.351019E-07;;;;;
2025-06-25 14:35:22;0.37;700.00;-50V;-1.354808E-07;;;;;
2025-06-25 14:35:22;0.56;700.00;-50V;-1.347543E-07;;;;;
2025-06-25 14:35:22;0.75;700.00;-50V;-1.348956E-07;;;;;
2025-06-25 14:35:22;0.94;700.00;-50V;-1.346321E-07;;;;;
2025-06-25 14:35:23;1.13;700.00;-50V;-1.346594E-07;;;;;
2025-06-25 14:35:28;0.20;800.00;-50V;-1.037301E-07;;;;;
2025-06-25 14:35:28;0.41;800.00;-50V;-1.045808E-07;;;;;
2025-06-25 14:35:28;0.60;800.00;-50V;-1.019972E-07;;;;;
2025-06-25 14:35:28;0.79;800.00;-50V;-1.045910E-07;;;;;
2025-06-25 14:35:29;0.98;800.00;-50V;-1.041313E-07;;;;;
2025-06-25 14:35:29;1.17;800.00;-50V;-1.034815E-07;;;;;
2025-06-25 14:35:34;0.18;900.00;-50V;-9.566975E-08;;;;;
2025-06-25 14:35:34;0.37;900.00;-50V;-9.558901E-08;;;;;
2025-06-25 14:35:34;0.58;900.00;-50V;-9.536313E-08;;;;;
2025-06-25 14:35:35;0.77;900.00;-50V;-9.538297E-08;;;;;
2025-06-25 14:35:35;0.96;900.00;-50V;-9.517832E-08;;;;;
2025-06-25 14:35:35;1.17;900.00;-50V;-9.529946E-08;;;;;
2025-06-25 14:35:40;0.20;1000.00;-50V;-7.919179E-08;;;;;
2025-06-25 14:35:40;0.39;1000.00;-50V;-7.860714E-08;;;;;
2025-06-25 14:35:41;0.58;1000.00;-50V;-7.776634E-08;;;;;
2025-06-25 14:35:41;0.77;1000.00;-50V;-7.886267E-08;;;;;
2025-06-25 14:35:41;0.96;1000.00;-50V;-7.928534E-08;;;;;
2025-06-25 14:35:41;1.15;1000.00;-50V;-7.855580E-08;;;;;
2025-06-25 14:35:46;0.20;1100.00;-50V;-7.169837E-08;;;;;
2025-06-25 14:35:47;0.39;1100.00;-50V;-7.151562E-08;;;;;
2025-06-25 14:35:47;0.60;1100.00;-50V;-7.132566E-08;;;;;
2025-06-25 14:35:47;0.79;1100.00;-50V;-7.150329E-08;;;;;
2025-06-25 14:35:47;0.98;1100.00;-50V;-7.117063E-08;;;;;
2025-06-25 14:35:47;1.17;1100.00;-50V;-7.137137E-08;;;;;
2025-06-25 14:35:53;0.20;1200.00;-50V;-6.293010E-08;;;;;
2025-06-25 14:35:53;0.39;1200.00;-50V;-6.342201E-08;;;;;
2025-06-25 14:35:53;0.58;1200.00;-50V;-7.186058E-08;;;;;
2025-06-25 14:35:53;0.77;1200.00;-50V;-5.726131E-08;;;;;
2025-06-25 14:35:53;0.96;1200.00;-50V;-6.197434E-08;;;;;
2025-06-25 14:35:53;1.15;1200.00;-50V;-6.225201E-08;;;;;
2025-06-25 14:35:59;0.20;1300.00;-50V;-5.955043E-08;;;;;
2025-06-25 14:35:59;0.39;1300.00;-50V;-5.934552E-08;;;;;
2025-06-25 14:35:59;0.58;1300.00;-50V;-5.937675E-08;;;;;
2025-06-25 14:35:59;0.77;1300.00;-50V;-5.939643E-08;;;;;
2025-06-25 14:35:59;0.96;1300.00;-50V;-5.932542E-08;;;;;
2025-06-25 14:36:00;1.15;1300.00;-50V;-5.931472E-08;;;;;
2025-06-25 14:36:05;0.20;1400.00;-50V;-5.332940E-08;;;;;
2025-06-25 14:36:05;0.39;1400.00;-50V;-5.321684E-08;;;;;
2025-06-25 14:36:05;0.58;1400.00;-50V;-5.340050E-08;;;;;
2025-06-25 14:36:05;0.77;1400.00;-50V;-5.319401E-08;;;;;
2025-06-25 14:36:06;0.96;1400.00;-50V;-5.340089E-08;;;;;
2025-06-25 14:36:06;1.15;1400.00;-50V;-5.306131E-08;;;;;
2025-06-25 14:36:11;0.20;1500.00;-50V;-4.975571E-08;;;;;
2025-06-25 14:36:11;0.39;1500.00;-50V;-5.065848E-08;;;;;
2025-06-25 14:36:11;0.58;1500.00;-50V;-5.041425E-08;;;;;
2025-06-25 14:36:12;0.77;1500.00;-50V;-5.230117E-08;;;;;
2025-06-25 14:36:12;0.96;1500.00;-50V;-4.778582E-08;;;;;
2025-06-25 14:36:12;1.15;1500.00;-50V;-5.117182E-08;;;;;
2025-06-25 14:36:17;0.20;1600.00;-50V;-4.845320E-08;;;;;
2025-06-25 14:36:17;0.39;1600.00;-50V;-4.843301E-08;;;;;
2025-06-25 14:36:18;0.58;1600.00;-50V;-4.834844E-08;;;;;
2025-06-25 14:36:18;0.77;1600.00;-50V;-4.828961E-08;;;;;
2025-06-25 14:36:18;0.96;1600.00;-50V;-4.827622E-08;;;;;
2025-06-25 14:36:18;1.15;1600.00;-50V;-4.828961E-08;;;;;
2025-06-25 14:36:23;0.18;1700.00;-50V;-4.673856E-08;;;;;
2025-06-25 14:36:24;0.37;1700.00;-50V;-4.673788E-08;;;;;
2025-06-25 14:36:24;0.56;1700.00;-50V;-4.681935E-08;;;;;
2025-06-25 14:36:24;0.75;1700.00;-50V;-4.663488E-08;;;;;
2025-06-25 14:36:24;0.94;1700.00;-50V;-4.678922E-08;;;;;
2025-06-25 14:36:24;1.13;1700.00;-50V;-4.654348E-08;;;;;
2025-06-25 14:36:29;0.20;1800.00;-50V;-4.475600E-08;;;;;
2025-06-25 14:36:30;0.39;1800.00;-50V;-4.474509E-08;;;;;
2025-06-25 14:36:30;0.58;1800.00;-50V;-4.458211E-08;;;;;
2025-06-25 14:36:30;0.77;1800.00;-50V;-4.462253E-08;;;;;
2025-06-25 14:36:30;0.96;1800.00;-50V;-4.457152E-08;;;;;
2025-06-25 14:36:30;1.15;1800.00;-50V;-4.462253E-08;;;;;
2025-06-25 14:36:36;0.18;1900.00;-50V;-4.293904E-08;;;;;
2025-06-25 14:36:36;0.37;1900.00;-50V;-4.249694E-08;;;;;
2025-06-25 14:36:36;0.58;1900.00;-50V;-4.530016E-08;;;;;
2025-06-25 14:36:36;0.77;1900.00;-50V;-4.184982E-08;;;;;
2025-06-25 14:36:36;0.96;1900.00;-50V;-4.958224E-08;;;;;
2025-06-25 14:36:37;1.15;1900.00;-50V;-4.551544E-08;;;;;
2025-06-25 14:36:42;0.20;2000.00;-50V;-4.227259E-08;;;;;
2025-06-25 14:36:42;0.39;2000.00;-50V;-4.212824E-08;;;;;
2025-06-25 14:36:42;0.58;2000.00;-50V;-4.177765E-08;;;;;
2025-06-25 14:36:42;0.77;2000.00;-50V;-4.198479E-08;;;;;
2025-06-25 14:36:43;0.96;2000.00;-50V;-4.235229E-08;;;;;
2025-06-25 14:36:43;1.15;2000.00;-50V;-4.213850E-08;;;;;



